{
  "project_info": {
    "project_number": "316100200422",
    "firebase_url": "https://push-b83ec.firebaseio.com",
    "project_id": "push-b83ec",
    "storage_bucket": "push-b83ec.appspot.com"
  },
  "client": [
    {
      "client_info": {
        "mobilesdk_app_id": "1:316100200422:android:0c4027ebe9ec1118",
        "android_client_info": {
          "package_name": "com.example.user.push"
        }
      },
      "oauth_client": [
        {
          "client_id": "316100200422-lb61eu7hqkk7kim9iecd46sgh38a4u4o.apps.googleusercontent.com",
          "client_type": 3
        }
      ],
      "api_key": [
        {
          "current_key": "AIzaSyBw4atfKGZIolcXW-MAcsigv5T96UX9UyM"
        }
      ],
      "services": {
        "appinvite_service": {
          "other_platform_oauth_client": [
            {
              "client_id": "316100200422-lb61eu7hqkk7kim9iecd46sgh38a4u4o.apps.googleusercontent.com",
              "client_type": 3
            }
          ]
        }
      }
    },
    {
      "client_info": {
        "mobilesdk_app_id": "1:316100200422:android:51b5b0a8201e95db",
        "android_client_info": {
          "package_name": "com.example.user.push_notification"
        }
      },
      "oauth_client": [
        {
          "client_id": "316100200422-lb61eu7hqkk7kim9iecd46sgh38a4u4o.apps.googleusercontent.com",
          "client_type": 3
        }
      ],
      "api_key": [
        {
          "current_key": "AIzaSyBw4atfKGZIolcXW-MAcsigv5T96UX9UyM"
        }
      ],
      "services": {
        "appinvite_service": {
          "other_platform_oauth_client": [
            {
              "client_id": "316100200422-lb61eu7hqkk7kim9iecd46sgh38a4u4o.apps.googleusercontent.com",
              "client_type": 3
            }
          ]
        }
      }
    },
    {
      "client_info": {
        "mobilesdk_app_id": "1:316100200422:android:ea851da0a85fce54",
        "android_client_info": {
          "package_name": "com.example.user.tidsnote"
        }
      },
      "oauth_client": [
        {
          "client_id": "316100200422-lb61eu7hqkk7kim9iecd46sgh38a4u4o.apps.googleusercontent.com",
          "client_type": 3
        }
      ],
      "api_key": [
        {
          "current_key": "AIzaSyBw4atfKGZIolcXW-MAcsigv5T96UX9UyM"
        }
      ],
      "services": {
        "appinvite_service": {
          "other_platform_oauth_client": [
            {
              "client_id": "316100200422-lb61eu7hqkk7kim9iecd46sgh38a4u4o.apps.googleusercontent.com",
              "client_type": 3
            }
          ]
        }
      }
    },
    {
      "client_info": {
        "mobilesdk_app_id": "1:316100200422:android:e4ca289ed33a1a7c",
        "android_client_info": {
          "package_name": "com.example.youngeun.parentapp"
        }
      },
      "oauth_client": [
        {
          "client_id": "316100200422-lb61eu7hqkk7kim9iecd46sgh38a4u4o.apps.googleusercontent.com",
          "client_type": 3
        }
      ],
      "api_key": [
        {
          "current_key": "AIzaSyBw4atfKGZIolcXW-MAcsigv5T96UX9UyM"
        }
      ],
      "services": {
        "appinvite_service": {
          "other_platform_oauth_client": [
            {
              "client_id": "316100200422-lb61eu7hqkk7kim9iecd46sgh38a4u4o.apps.googleusercontent.com",
              "client_type": 3
            }
          ]
        }
      }
    }
  ],
  "configuration_version": "1"
}